{
	"YMIN":2005,
	"YMAX":2022,
	"levels":["Topics", "Subtopics"],
	"Nbc":161,
	"Q":[0.215,0.215],
	"ncom":[5, 5],
	"TOPmaxNodeSize":40,
	"TOPmaxLinkWeight":0.017768,
	"TOPWrange":[-6,-1.75,-6],
	"TOPshowthr":1.05,
	"TOPforce":[0.2,-1000,25],
	"TOPpositions":[[2,5.84,19.09],[3,0.10,11.41],[5,12.84,0.41],[1,15.40,18.41],[4,3.46,2.43]],
	"SUBmaxNodeSize":40,
	"SUBmaxLinkWeight":0.017768,
	"SUBWrange":[-6,-1.75,-4.58],
	"SUBshowthr":1.1,
	"SUBforce":[0.5,-500,20],
	"SUBpositions":[[2,5.84,19.09],[3,0.10,11.41],[5,12.84,0.41],[1,15.40,18.41],[4,3.46,2.43]]
}